time_period,frac_gnrl_w_original_diet
0,1
1,1
2,1
3,1
4,1
5,1
6,1
7,1
8,1
9,1
10,0.988461538
11,0.976923077
12,0.965384615
13,0.953846154
14,0.942307692
15,0.930769231
16,0.919230769
17,0.907692308
18,0.896153846
19,0.884615385
20,0.873076923
21,0.861538462
22,0.85
23,0.838461538
24,0.826923077
25,0.815384615
26,0.803846154
27,0.792307692
28,0.780769231
29,0.769230769
30,0.757692308
31,0.746153846
32,0.734615385
33,0.723076923
34,0.711538462
35,0.7
